date,user,message,time_in_number,time_delta,cluster
2024-05-01 15:04:02+00:00,Martin_Gales,hi there,1714575842.0,0.0,36
2024-05-01 19:58:59+00:00,n69ky,byeee doro,1714593539.0,17697.0,36
2024-05-02 14:54:47+00:00,StreamElements,dorozea is now live! Streaming Just Chatting: NEW YOUTUBE VIDEO OUT! ğŸ˜ˆ GO WATCH ğŸ˜ˆ|!setupRating !vods !newvid ğŸš¨ ğŸ˜± ğŸ˜³ ğŸ”´,1714661687.0,85845.0,2
2024-05-02 19:51:58+00:00,djawedev,cheers,1714679518.0,103676.0,2
2024-05-03 15:05:42+00:00,Martin_Gales,yo,1714748742.0,172900.0,28
2024-05-03 20:24:49+00:00,kunmilan99,"it was a fun stream, goodnight",1714767889.0,192047.0,28
2024-05-04 15:06:07+00:00,Martin_Gales,yo,1714835167.0,259325.0,31
2024-05-04 19:56:58+00:00,whiteknightnipples,Clap,1714852618.0,276776.0,31
2024-05-05 15:03:35+00:00,Martin_Gales,yo,1714921415.0,345573.0,9
2024-05-05 20:15:49+00:00,Banties1g,o7,1714940149.0,364307.0,9
2024-05-06 14:59:55+00:00,Martin_Gales,"yo, gz on 10k",1715007595.0,431753.0,32
2024-05-06 20:39:37+00:00,Martin_Gales,o7,1715027977.0,452135.0,32
2024-05-07 14:58:37+00:00,Martin_Gales,yo,1715093917.0,518075.0,25
2024-05-07 19:34:40+00:00,hanepirukas1,peepoLeave,1715110480.0,534638.0,25
2024-05-09 14:56:43+00:00,Martin_Gales,yo,1715266603.0,690761.0,34
2024-05-09 19:52:56+00:00,Lasbe,bye,1715284376.0,708534.0,34
2024-05-10 15:05:15+00:00,Martin_Gales,yp,1715353515.0,777673.0,18
2024-05-10 20:16:41+00:00,Banties1g,MYLIFE ó €€,1715372201.0,796359.0,18
2024-05-11 18:31:54+00:00,Martin_Gales,yo,1715452314.0,876472.0,4
2024-05-12 18:21:09+00:00,Martin_Gales,remember to download it,1715538069.0,962227.0,4
2024-05-13 15:02:15+00:00,Martin_Gales,yo,1715612535.0,1036693.0,23
2024-05-13 20:41:21+00:00,JustS1no,I enjoyed my stay o7,1715632881.0,1057039.0,23
2024-05-15 12:55:00+00:00,StreamElements,dorozea is now live! Streaming Just Chatting: LOL RESIDENT EVIL 2 | !vods !newvid ğŸš¨ ğŸ˜± ğŸ˜³ ğŸ”´,1715777700.0,1201858.0,10
2024-05-15 18:36:17+00:00,klimzaa,bye,1715798177.0,1222335.0,10
2024-05-16 13:34:20+00:00,1206paul_,pipi longstocking,1715866460.0,1290618.0,35
2024-05-16 19:28:15+00:00,dorozea,OMEGADANCE,1715887695.0,1311853.0,35
2024-05-17 15:03:12+00:00,StreamElements,dorozea is now live! Streaming Just Chatting: HAPPY HAPPY STREAM | !newvid !vods ğŸ˜±ğŸ˜³ğŸ”´,1715958192.0,1382350.0,29
2024-05-17 19:14:07+00:00,Banties1g,?,1715973247.0,1397405.0,29
2024-05-18 15:03:02+00:00,Substen,yo yo,1716044582.0,1468740.0,0
2024-05-18 20:54:59+00:00,tayo_hd,bye,1716065699.0,1489857.0,0
2024-05-19 15:06:56+00:00,Martin_Gales,yo,1716131216.0,1555374.0,40
2024-05-19 20:16:30+00:00,dorozea,CatNOM,1716149790.0,1573948.0,40
2024-05-21 15:09:11+00:00,IRLKingsman,Hi,1716304151.0,1728309.0,41
2024-05-21 19:28:02+00:00,dorozea,:d,1716319682.0,1743840.0,41
2024-05-22 12:59:18+00:00,Martin_Gales,yo,1716382758.0,1806916.0,15
2024-05-22 15:03:08+00:00,abeKrd,bai bai,1716390188.0,1814346.0,15
2024-05-23 21:17:43+00:00,oJov,"its cus hes an actor, he deceived u",1716499063.0,1923221.0,8
2024-05-23 21:17:46+00:00,amolivs_,WTF  IS THIS,1716499066.0,1923224.0,8
2024-05-24 14:47:27+00:00,StreamElements,dorozea is now live! Streaming Just Chatting: ALL SMILESğŸ˜ğŸ˜ğŸ˜ğŸ˜ğŸ˜ğŸ˜ğŸ˜ğŸ˜ | !newvid !vods ğŸ˜±ğŸ˜³ğŸ”´,1716562047.0,1986205.0,43
2024-05-24 19:38:39+00:00,Banties1g,:D,1716579519.0,2003677.0,43
2024-05-25 15:02:16+00:00,Martin_Gales,yo,1716649336.0,2073494.0,22
2024-05-25 20:49:34+00:00,Typhu25,alooo YANITED RAID alooo YANITED RAID alooo YANITED RAID alooo YANITED RAID alooo YANITED RAID alooo YANITED RAID alooo YANITED RAID,1716670174.0,2094332.0,22
2024-05-26 11:51:00+00:00,StreamElements,dorozea is now live! Streaming Just Chatting: resident evil 2 ğŸ˜| !newvid !vods ğŸ˜±ğŸ˜³ğŸ”´,1716724260.0,2148418.0,46
2024-05-26 15:21:16+00:00,1206paul_,wrapitup,1716736876.0,2161034.0,46
2024-05-27 14:52:06+00:00,StreamElements,dorozea is now live! Streaming Just Chatting: first playthrough of Elden Ring | !newvid !vods ğŸ˜±ğŸ˜³ğŸ”´,1716821526.0,2245684.0,17
2024-05-27 22:11:31+00:00,StreamElements,Twitter:  https://twitter.com/dorozeaxd  TikTok:  https://tiktok.com/@dorozea Instagram:  https://www.instagram.com/dorozeaxd/   YouTube: https://www.youtube.com/watch?v=Y42m-Y3PZ9s&ab_channel=DorozeaReddit: https://www.reddit.com/r/Dorozea/,1716847891.0,2272049.0,17
2024-05-28 14:55:43+00:00,Martin_Gales,yo,1716908143.0,2332301.0,3
2024-05-28 20:44:13+00:00,Roonss,O7,1716929053.0,2353211.0,3
2024-05-29 11:40:27+00:00,Martin_Gales,yo,1716982827.0,2406985.0,45
2024-05-29 16:38:27+00:00,NFloopy,@Martin_Gales check ur whispers,1717000707.0,2424865.0,45
2024-05-29 16:38:33+00:00,hanepirukas1,"Then just dont farm and kill it, it takes longer but you also get better at the game and following stuff will be easier YEP",1717000713.0,2424871.0,24
2024-05-29 21:42:12+00:00,thebigdogjay,duckHey,1717018932.0,2443090.0,24
2024-05-30 15:00:24+00:00,Martin_Gales,yo,1717081224.0,2505382.0,37
2024-05-30 20:07:39+00:00,teng0199,GGs,1717099659.0,2523817.0,37
2024-05-31 15:02:46+00:00,Martin_Gales,yo,1717167766.0,2591924.0,12
2024-05-31 19:53:16+00:00,Martin_Gales,bye bye,1717185196.0,2609354.0,12
2024-06-02 14:56:23+00:00,Martin_Gales,yo,1717340183.0,2764341.0,19
2024-06-02 21:36:47+00:00,StreamElements,Twitter:  https://twitter.com/dorozeaxd  TikTok:  https://tiktok.com/@dorozea Instagram:  https://www.instagram.com/dorozeaxd/   YouTube: https://www.youtube.com/watch?v=Y42m-Y3PZ9s&ab_channel=DorozeaReddit: https://www.reddit.com/r/Dorozea/,1717364207.0,2788365.0,19
2024-06-03 14:56:03+00:00,StreamElements,dorozea is now live! Streaming Just Chatting: NEW ELDEN RING !video OUT RIGHT NOW | !ratingsetups !newvid !vods ğŸ˜±ğŸ˜³ğŸ”´,1717426563.0,2850721.0,39
2024-06-03 20:05:39+00:00,StreamElements,Twitter:  https://twitter.com/dorozeaxd  TikTok:  https://tiktok.com/@dorozea Instagram:  https://www.instagram.com/dorozeaxd/   YouTube: https://www.youtube.com/watch?v=Y42m-Y3PZ9s&ab_channel=DorozeaReddit: https://www.reddit.com/r/Dorozea/,1717445139.0,2869297.0,39
2024-06-04 15:02:47+00:00,Martin_Gales,yo,1717513367.0,2937525.0,6
2024-06-04 17:27:05+00:00,xXGenly_Top_AwpXx,you know what iâ€™m not doing it either ggs,1717522025.0,2946183.0,6
2024-06-05 12:33:46+00:00,StreamElements,dorozea is now live! Streaming ELDEN RING: last day for !ratingsetups | !ratingsetups !newvid !vods ğŸ˜±ğŸ˜³ğŸ”´,1717590826.0,3014984.0,27
2024-06-05 19:02:04+00:00,die_valkyrie,happi,1717614124.0,3038282.0,27
2024-06-06 11:32:23+00:00,StreamElements,dorozea is now live! Streaming ELDEN RING: NOOB PLAYS ELDEN RING FOR THE FIRST TIME. Later !ratingsetups | !newvid !vods ğŸ˜±ğŸ˜³ğŸ”´,1717673543.0,3097701.0,13
2024-06-06 17:50:19+00:00,TechnoAlpin,peepoHey,1717696219.0,3120377.0,13
2024-06-07 12:28:21+00:00,Martin_Gales,yo,1717763301.0,3187459.0,38
2024-06-07 17:11:40+00:00,fuIIemo,bye,1717780300.0,3204458.0,38
2024-06-09 12:33:07+00:00,StreamElements,dorozea is now live! Streaming ELDEN RING: IM BEATING THIS GAME TODAY | !newvid !vods ğŸ˜±ğŸ˜³ğŸ”´,1717936387.0,3360545.0,16
2024-06-09 19:32:17+00:00,thebigdogjay,bye,1717961537.0,3385695.0,16
2024-06-10 12:35:01+00:00,StreamElements,dorozea is now live! Streaming Just Chatting: NEW !video ON YT GO WATCH | IM BEATING THIS GAME TODAY | !newvid !vods ğŸ˜±ğŸ˜³ğŸ”´,1718022901.0,3447059.0,42
2024-06-10 17:08:54+00:00,Trizze,ğŸ‘‹,1718039334.0,3463492.0,42
2024-06-11 12:16:28+00:00,StreamElements,dorozea is now live! Streaming Just Chatting: IM BEATING THIS GAME TODAY| ELDEN RING AFTER CS | !newvid !vods ğŸ˜±ğŸ˜³ğŸ”´,1718108188.0,3532346.0,1
2024-06-11 19:48:53+00:00,Kefflings,bye,1718135333.0,3559491.0,1
2024-06-12 12:54:09+00:00,Martin_Gales,yo,1718196849.0,3621007.0,20
2024-06-12 17:41:29+00:00,tomdvid,elisDance,1718214089.0,3638247.0,20
2024-06-13 12:43:00+00:00,IvanOnMyOwn,first,1718282580.0,3706738.0,30
2024-06-13 18:29:07+00:00,NOOR_AK,bye,1718303347.0,3727505.0,30
2024-06-14 12:35:30+00:00,StreamElements,dorozea is now live! Streaming Just Chatting: IM BEATING THIS GAME TODAY ACTUALLY THIS TIME| !newvid !vods ğŸ˜±ğŸ˜³ğŸ”´,1718368530.0,3792688.0,7
2024-06-14 19:24:26+00:00,MaxGerman9,Bye,1718393066.0,3817224.0,7
2024-06-15 11:02:42+00:00,StreamElements,dorozea is now live! Streaming Just Chatting: IM BEATING THIS GAME TODAY | !newvid !vods ğŸ˜±ğŸ˜³ğŸ”´,1718449362.0,3873520.0,44
2024-06-15 13:13:14+00:00,28_Jay,bye,1718457194.0,3881352.0,44
2024-06-16 12:16:59+00:00,StreamElements,dorozea is now live! Streaming Just Chatting: AAAAAAAAA I CANT PLAY THIS GAME ANYMORE | !newvid !vods ğŸ˜±ğŸ˜³ğŸ”´,1718540219.0,3964377.0,21
2024-06-16 18:11:21+00:00,JNeeV,bye,1718561481.0,3985639.0,21
2024-06-17 13:13:13+00:00,Martin_Gales,yo,1718629993.0,4054151.0,26
2024-06-17 18:59:45+00:00,IvanOnMyOwn,bye,1718650785.0,4074943.0,26
2024-06-18 12:25:24+00:00,Martin_Gales,yo,1718713524.0,4137682.0,11
2024-06-18 15:00:35+00:00,dayynz,bye  bye,1718722835.0,4146993.0,11
2024-06-20 12:52:57+00:00,StreamElements,dorozea is now live! Streaming Just Chatting: I'M FINALLY PLAYING CS2  | !newvid !vods ğŸ˜±ğŸ˜³ğŸ”´,1718887977.0,4312135.0,5
2024-06-20 17:09:57+00:00,ndarthvader,byee,1718903397.0,4327555.0,5
2024-06-22 12:39:10+00:00,StreamElements,dorozea is now live! Streaming Just Chatting: ELDEN RING DLC AAAAAAAAAAAAAAAAAAAAAAAAAAAAAAAAAAAAAAAA | !newvid !vods ğŸ˜±ğŸ˜³ğŸ”´,1719059950.0,4484108.0,33
2024-06-22 19:28:31+00:00,ndarthvader,see ya,1719084511.0,4508669.0,33
2024-06-23 14:05:17+00:00,StreamElements,dorozea is now live! Streaming Just Chatting: ELDEN RING DLC | NO BACKSEATING | !newvid !vods ğŸ˜±ğŸ˜³ğŸ”´,1719151517.0,4575675.0,14
2024-06-23 19:01:26+00:00,RealDrLing,o7,1719169286.0,4593444.0,14
